<?xml version="1.0" encoding="UTF-8" ?>
<!DOCTYPE configuration
  PUBLIC "-//mybatis.org//DTD Config 3.0//EN"
  "http://mybatis.org/dtd/mybatis-3-config.dtd">
<configuration>
  <typeAliases>
     <typeAlias type="in.bushansirgur.entity.Employee" alias="employee"/>
     <typeAlias type="in.bushansirgur.entity.Subaccount" alias="subaccount"/>
     <typeAlias type="in.bushansirgur.entity.Agent" alias="agent"/>
     <typeAlias type="in.bushansirgur.entity.Models" alias="models"/>
     <typeAlias type="in.bushansirgur.entity.Queries" alias="queries"/>
     <typeAlias type="in.bushansirgur.entity.Varieties" alias="varieties"/>
  </typeAliases>  
  <environments default="development">
    <environment id="development">
      <transactionManager type="JDBC"/>
      <dataSource type="POOLED">
        <property name="driver" value="com.mysql.jdbc.Driver"/>
        <property name="url" value="jdbc:mysql://localhost/customer_mgnt_db"/>
        <property name="username" value="root"/>
        <property name="password" value=""/>
      </dataSource>
    </environment>
  </environments>
  <mappers>
    <mapper resource="in/bushansirgur/dao/EmployeeMapper.xml" />
    <mapper resource="in/bushansirgur/dao/SubaccountMapper.xml" />
    <mapper resource="in/bushansirgur/dao/AgentMapper.xml" />
    <mapper resource="in/bushansirgur/dao/ModelsMapper.xml" />
    <mapper resource="in/bushansirgur/dao/QueriesMapper.xml" />
    <mapper resource="in/bushansirgur/dao/VarietiesMapper.xml" />
  </mappers>
</configuration> 