<?xml version="1.0" encoding="UTF-8"?>
<!DOCTYPE mapper
  PUBLIC "-//mybatis.org//DTD Mapper 3.0//EN"
  "http://mybatis.org/dtd/mybatis-3-mapper.dtd">
<mapper namespace="in.bushansirgur.dao.ModelsMapper">
	
	<resultMap type="models" id="result">
		<id property="id" column="id" />
		<result property="margin" column="margin" />
		<result property="agent_expense" column="agent_expense" />
		<result property="subaccount_expense" column="subaccount_expense" />
		<result property="trans_rate" column="trans_rate" />
		<result property="rebate_rate" column="rebate_rate" />
		<result property="risk_control" column="risk_control" />
	</resultMap>
	
	<select id="getAllModels" resultType="models" resultMap="result">
		SELECT * FROM models
	</select>
	
	<insert id="insertModels" parameterType="models" keyProperty="id" useGeneratedKeys="true">
		INSERT INTO models(margin, agent_expense, subaccount_expense, trans_rate, rebate_rate, risk_control)
		VALUES(#{margin}, #{agent_expense}, #{subaccount_expense}, #{trans_rate}, #{rebate_rate}, #{risk_control})
	</insert>
	
	<update id="updateModels" parameterType="models">
		UPDATE models SET margin = #{margin}, agent_expense = #{agent_expense} , subaccount_expense = #{subaccount_expense} , trans_rate = #{trans_rate} , rebate_rate = #{rebate_rate}, risk_control = #{risk_control} 
		WHERE id = #{id} 
	</update>
	
	<delete id="deleteModels" parameterType="int">
		DELETE FROM models WHERE id = #{modelsId}
	</delete>
	
	<select id="findModelsById" parameterType="int" resultType="models" resultMap="result">
		SELECT * FROM models WHERE id = #{modelsId}
	</select> 
</mapper>