<?xml version="1.0" encoding="UTF-8"?>
<!DOCTYPE mapper
  PUBLIC "-//mybatis.org//DTD Mapper 3.0//EN"
  "http://mybatis.org/dtd/mybatis-3-mapper.dtd">
<mapper namespace="in.bushansirgur.dao.QueriesMapper">
	
	<resultMap type="queries" id="result">
		<id property="id" column="id" />
		<result property="deposit" column="deposit" />
		<result property="withdrawal" column="withdrawal" />
		<result property="commission" column="commission" />
	</resultMap>
	
	<select id="getAllQueries" resultType="queries" resultMap="result">
		SELECT * FROM queries
	</select>
	
	<insert id="insertQueries" parameterType="queries" keyProperty="id" useGeneratedKeys="true">
		INSERT INTO queries(deposit, withdrawal, commission)
		VALUES(#{deposit}, #{withdrawal}, #{commission})
	</insert>
	
	<update id="updateQueries" parameterType="queries">
		UPDATE queries SET deposit = #{deposit}, withdrawal = #{withdrawal}, commission = #{commission} 
		WHERE id = #{id} 
	</update>
	
	<delete id="deleteQueries" parameterType="int">
		DELETE FROM queries WHERE id = #{queriesId}
	</delete>
	
	<select id="findQueriesById" parameterType="int" resultType="queries" resultMap="result">
		SELECT * FROM queries WHERE id = #{queriesId}
	</select> 
</mapper>