<?xml version="1.0" encoding="UTF-8"?>
<!DOCTYPE mapper
  PUBLIC "-//mybatis.org//DTD Mapper 3.0//EN"
  "http://mybatis.org/dtd/mybatis-3-mapper.dtd">
<mapper namespace="in.bushansirgur.dao.SubaccountMapper">
	
	<resultMap type="subaccount" id="result">
		<id property="id" column="id" />
		<result property="fee" column="fee" />
		<result property="margin" column="margin" />
		<result property="trans_rate" column="trans_rate" />
		<result property="risk_control" column="risk_control" />
	</resultMap>
	
	<select id="getAllSubaccounts" resultType="subaccount" resultMap="result">
		SELECT * FROM subaccounts
	</select>
	
	<insert id="insertSubaccount" parameterType="subaccount" keyProperty="id" useGeneratedKeys="true">
		INSERT INTO subaccounts(fee, margin, trans_rate, risk_control)
		VALUES(#{fee}, #{margin}, #{trans_rate}, #{risk_control})
	</insert>
	
	<update id="updateSubaccount" parameterType="subaccount">
		UPDATE subaccounts SET fee = #{fee}, margin = #{margin}, trans_rate = #{trans_rate}, risk_control = #{risk_control} 
		WHERE id = #{id} 
	</update>
	
	<delete id="deleteSubaccount" parameterType="int">
		DELETE FROM subaccounts WHERE id = #{subaccountId}
	</delete>
	
	<select id="findSubaccountById" parameterType="int" resultType="subaccount" resultMap="result">
		SELECT * FROM subaccounts WHERE id = #{subaccountId}
	</select> 
</mapper>