<?xml version="1.0" encoding="UTF-8"?>
<!DOCTYPE mapper
  PUBLIC "-//mybatis.org//DTD Mapper 3.0//EN"
  "http://mybatis.org/dtd/mybatis-3-mapper.dtd">
<mapper namespace="in.bushansirgur.dao.VarietiesMapper">
	
	<resultMap type="varieties" id="result">
		<id property="id" column="id" />
		<result property="opentime" column="opentime" />
		<result property="main_contract" column="main_contract" />
		<result property="contents" column="contents" />
	</resultMap>
	
	<select id="getAllVarieties" resultType="varieties" resultMap="result">
		SELECT * FROM varieties
	</select>
	
	<insert id="insertVarieties" parameterType="varieties" keyProperty="id" useGeneratedKeys="true">
		INSERT INTO varieties(opentime, main_contract, contents)
		VALUES(#{opentime}, #{main_contract}, #{contents})
	</insert>
	
	<update id="updateVarieties" parameterType="varieties">
		UPDATE varieties SET opentime = #{opentime}, main_contract = #{main_contract}, contents = #{contents} 
		WHERE id = #{id} 
	</update>
	
	<delete id="deleteVarieties" parameterType="int">
		DELETE FROM varieties WHERE id = #{verietiesId}
	</delete>
	
	<select id="findVarietiesById" parameterType="int" resultType="varieties" resultMap="result">
		SELECT * FROM varieties WHERE id = #{verietiesId}
	</select> 
</mapper>